case_id,gold_label,pred_no_rag,pred_rag,ddx_no_rag,ddx_rag,evidence_no_rag,evidence_rag
seed-air-001,http://purl.bioontology.org/ontology/AIR/DXRA,http://purl.bioontology.org/ontology/AIR/DXPSO,http://purl.bioontology.org/ontology/AIR/DXANK,"[{""label"": ""http://purl.bioontology.org/ontology/AIR/DXPSO"", ""rationale"": ""Symmetric joint involvement consistent with polyarticular form of psoriatic arthritis""}, {""label"": ""http://purl.bioontology.org/ontology/AIR/DXANK"", ""rationale"": ""RF+ and anti-CCP+ suggest autoimmune process, which can lead to various forms of arthritis""}]","[{""label"": ""http://purl.bioontology.org/ontology/AIR/DXANK"", ""rationale"": ""Heuristic candidate based on rheumatologic diagnosis keywords""}, {""label"": ""http://purl.bioontology.org/ontology/AIR/DXRA"", ""rationale"": ""Heuristic candidate based on rheumatologic diagnosis keywords""}, {""label"": ""http://purl.bioontology.org/ontology/AIR/DXPSO"", ""rationale"": ""Heuristic candidate based on rheumatologic diagnosis keywords""}]",[],[]
seed-air-002,http://purl.bioontology.org/ontology/AIR/DXRA,http://purl.bioontology.org/ontology/AIR/DXPSO,http://purl.bioontology.org/ontology/AIR/DXANK,"[{""label"": ""http://purl.bioontology.org/ontology/AIR/DXPSO"", ""rationale"": ""Anti-CCP strongly positive suggests systemic lupus erythematosus""}, {""label"": ""http://purl.bioontology.org/ontology/AIR/DXRA"", ""rationale"": ""Early erosions suggest rheumatoid arthritis""}]","[{""label"": ""http://purl.bioontology.org/ontology/AIR/DXANK"", ""rationale"": ""Ankylosing Spondylitis has progressive joint involvement, especially in the spine and lower extremities.""}, {""label"": ""http://purl.bioontology.org/ontology/AIR/DXPMR"", ""rationale"": ""Polymyalgia Rheumatica presents with myalgia and can involve multiple joints, including the wrists and forefeet.""}]","[""progressive_wrist_and_forefoot_pain"", ""anti_ccp_strongly_positive"", ""early_erosions""]",[]
seed-air-003,http://purl.bioontology.org/ontology/AIR/DXSLE,http://purl.bioontology.org/ontology/AIR/DXPSO,http://purl.bioontology.org/ontology/AIR/DXRA,"[{""label"": ""http://purl.bioontology.org/ontology/AIR/DXPSO"", ""rationale"": ""Photosensitivity, oral ulcers, and anti-dsDNA positivity suggest systemic lupus erythematosus""}, {""label"": ""http://purl.bioontology.org/ontology/AIR/DXSLE"", ""rationale"": ""Low complement levels and proteinuria support SLE""}]","[{""label"": ""http://purl.bioontology.org/ontology/AIR/DXANK"", ""rationale"": ""Heuristic candidate based on possible rheumatologic diagnosis indicators""}, {""label"": ""http://purl.bioontology.org/ontology/AIR/DXRA"", ""rationale"": ""Heuristic candidate based on possible rheumatologic diagnosis indicators""}, {""label"": ""http://purl.bioontology.org/ontology/AIR/DXPSO"", ""rationale"": ""Heuristic candidate based on possible rheumatologic diagnosis indicators""}]","[""patient_photo"", ""oral_ulcer_image"", ""anti_dsDNA_result"", ""complement_level_test"", ""proteinuria_measurement""]",[]
seed-air-004,http://purl.bioontology.org/ontology/AIR/DXSLE,http://purl.bioontology.org/ontology/AIR/DXSLE,http://purl.bioontology.org/ontology/AIR/DXRA,"[{""label"": ""http://purl.bioontology.org/ontology/AIR/DXSLE"", ""rationale"": ""Symptoms suggestive of systemic lupus erythematosus""}, {""label"": ""http://purl.bioontology.org/ontology/AIR/DXRA"", ""rationale"": ""Cytopenia suggests autoimmune disorder""}]","[{""label"": ""http://purl.bioontology.org/ontology/AIR/DXANK"", ""rationale"": ""Heuristic candidate based on possible rheumatologic diagnosis indicators""}, {""label"": ""http://purl.bioontology.org/ontology/AIR/DXRA"", ""rationale"": ""Heuristic candidate based on possible rheumatologic diagnosis indicators""}, {""label"": ""http://purl.bioontology.org/ontology/AIR/DXPSO"", ""rationale"": ""Heuristic candidate based on possible rheumatologic diagnosis indicators""}]","[""patient_symptoms"", ""cytopenia_diagnosis""]",[]
seed-air-005,http://purl.bioontology.org/ontology/AIR/DXGT,http://purl.bioontology.org/ontology/AIR/DXPSO,NONE,"[{""label"": ""http://purl.bioontology.org/ontology/AIR/DXPSO"", ""rationale"": ""First metatarsophalangeal joint affected, needle-shaped crystals""}, {""label"": ""http://purl.bioontology.org/ontology/AIR/DXANK"", ""rationale"": ""Redness and swelling in the first MTP""}]","[{""label"": ""NONE"", ""rationale"": ""Heuristic: no clear rheumatologic diagnosis indicators""}]","[""patient_chart_001""]",[]
seed-air-006,http://purl.bioontology.org/ontology/AIR/DXGT,http://purl.bioontology.org/ontology/AIR/DXPSO,http://purl.bioontology.org/ontology/AIR/DXRA,"[{""label"": ""http://purl.bioontology.org/ontology/AIR/DXPSO"", ""rationale"": ""Recurrent monoarthritis with crystal deposition suggests gout""}, {""label"": ""http://purl.bioontology.org/ontology/AIR/DXANK"", ""rationale"": ""Erosions in joints suggest osteoarthritis""}]","[{""label"": ""http://purl.bioontology.org/ontology/AIR/DXANK"", ""rationale"": ""Heuristic candidate based on possible rheumatologic diagnosis indicators""}, {""label"": ""http://purl.bioontology.org/ontology/AIR/DXRA"", ""rationale"": ""Heuristic candidate based on possible rheumatologic diagnosis indicators""}, {""label"": ""http://purl.bioontology.org/ontology/AIR/DXPSO"", ""rationale"": ""Heuristic candidate based on possible rheumatologic diagnosis indicators""}]","[""patient_chart_001""]",[]
seed-air-007,http://purl.bioontology.org/ontology/AIR/DXPSO,http://purl.bioontology.org/ontology/AIR/DXPSO,http://purl.bioontology.org/ontology/AIR/DXRA,"[{""label"": ""http://purl.bioontology.org/ontology/AIR/DXPSO"", ""rationale"": ""Psoriasis and nail pitting are common features in Psoriatic Arthritis""}, {""label"": ""http://purl.bioontology.org/ontology/AIR/DXANK"", ""rationale"": ""DIP arthritis can sometimes co-occur with other autoimmune conditions like Ankylosing Spondylitis""}]","[{""label"": ""http://purl.bioontology.org/ontology/AIR/DXANK"", ""rationale"": ""Heuristic candidate based on possible rheumatologic diagnosis indicators""}, {""label"": ""http://purl.bioontology.org/ontology/AIR/DXRA"", ""rationale"": ""Heuristic candidate based on possible rheumatologic diagnosis indicators""}, {""label"": ""http://purl.bioontology.org/ontology/AIR/DXPSO"", ""rationale"": ""Heuristic candidate based on possible rheumatologic diagnosis indicators""}]","[""patient_chart_001""]",[]
seed-air-008,http://purl.bioontology.org/ontology/AIR/DXANK,http://purl.bioontology.org/ontology/AIR/DXPSO,http://purl.bioontology.org/ontology/AIR/DXRA,"[{""label"": ""http://purl.bioontology.org/ontology/AIR/DXPSO"", ""rationale"": ""HLA-B27 positivity suggests ankylosing spondylitis""}, {""label"": ""http://purl.bioontology.org/ontology/AIR/DXANK"", ""rationale"": ""Inflammatory back pain consistent with ankylosing spondylitis""}]","[{""label"": ""http://purl.bioontology.org/ontology/AIR/DXANK"", ""rationale"": ""Heuristic candidate based on possible rheumatologic diagnosis indicators""}, {""label"": ""http://purl.bioontology.org/ontology/AIR/DXRA"", ""rationale"": ""Heuristic candidate based on possible rheumatologic diagnosis indicators""}, {""label"": ""http://purl.bioontology.org/ontology/AIR/DXPSO"", ""rationale"": ""Heuristic candidate based on possible rheumatologic diagnosis indicators""}]","[""MRI results showing sacroiliitis""]",[]
seed-air-009,http://purl.bioontology.org/ontology/AIR/DXPMR,http://purl.bioontology.org/ontology/AIR/DXPSO,NONE,"[{""label"": ""http://purl.bioontology.org/ontology/AIR/DXPSO"", ""rationale"": ""Proximal joint stiffness and elevated inflammatory markers suggest systemic lupus erythematosus""}, {""label"": ""http://purl.bioontology.org/ontology/AIR/DXRA"", ""rationale"": ""Steroid responsiveness suggests an autoimmune condition""}]","[{""label"": ""NONE"", ""rationale"": ""Heuristic: no clear rheumatologic diagnosis indicators""}]","[""patient_proximal_stiffness"", ""elevated_ESR_CRP"", ""steroid_responsive""]",[]
seed-air-010,NONE,NONE,NONE,"[{""label"": ""http://purl.bioontology.org/ontology/AIR/DXANK"", ""rationale"": ""Symmetric joint swelling can be indicative of arthritis.""}, {""label"": ""http://purl.bioontology.org/ontology/AIR/DXPSO"", ""rationale"": ""Small-joint swelling often suggests psoriatic arthritis.""}]","[{""label"": ""NONE"", ""rationale"": ""Heuristic: no clear rheumatologic diagnosis indicators""}]",[],[]
seed-air-011,NONE,NONE,http://purl.bioontology.org/ontology/AIR/DXANK,"[{""label"": ""http://purl.bioontology.org/ontology/AIR/DXANK"", ""rationale"": ""Symptoms of diffuse pain and fatigue can suggest an autoimmune condition""}, {""label"": ""http://purl.bioontology.org/ontology/AIR/DXPSO"", ""rationale"": ""Fatigue and diffuse pain could indicate systemic lupus erythematosus""}]","[{""label"": ""http://purl.bioontology.org/ontology/AIR/DXANK"", ""rationale"": ""Heuristic candidate based on rheumatologic diagnosis keywords""}, {""label"": ""http://purl.bioontology.org/ontology/AIR/DXRA"", ""rationale"": ""Heuristic candidate based on rheumatologic diagnosis keywords""}, {""label"": ""http://purl.bioontology.org/ontology/AIR/DXPSO"", ""rationale"": ""Heuristic candidate based on rheumatologic diagnosis keywords""}]",[],[]
seed-air-012,NONE,http://purl.bioontology.org/ontology/AIR/DXPSO,NONE,"[{""label"": ""http://purl.bioontology.org/ontology/AIR/DXPSO"", ""rationale"": ""Osteoarthritis presentation with knee pain worsened by stairs and visible osteophytes""}, {""label"": ""http://purl.bioontology.org/ontology/AIR/DXANK"", ""rationale"": ""Possible degenerative joint disease due to osteophytes""}]","[{""label"": ""NONE"", ""rationale"": ""Heuristic: normal/benign findings""}]","[""Imaging report: Osteophytes noted""]",[]
seed-air-013,NONE,http://purl.bioontology.org/ontology/AIR/DXPSO,NONE,"[{""label"": ""http://purl.bioontology.org/ontology/AIR/DXPSO"", ""rationale"": ""Positive birefringent rhomboid crystals suggest gout""}, {""label"": ""http://purl.bioontology.org/ontology/AIR/DXANK"", ""rationale"": ""Acute swelling in the knee could indicate an inflammatory condition like gout""}]","[{""label"": ""NONE"", ""rationale"": ""Heuristic: no clear rheumatologic diagnosis indicators""}]","[""patient_knee_swelling"", ""positive_birefringent_rhomboid_crystals""]",[]
seed-air-014,NONE,http://purl.bioontology.org/ontology/AIR/DXPSO,NONE,"[{""label"": ""http://purl.bioontology.org/ontology/AIR/DXPSO"", ""rationale"": ""Degenerative changes in the spine suggest possible spinal issues""}, {""label"": ""http://purl.bioontology.org/ontology/AIR/DXANK"", ""rationale"": ""Low back pain with flexion suggests possible disc problems""}]","[{""label"": ""NONE"", ""rationale"": ""Heuristic: normal/benign findings""}]","[""patient_chart_001""]",[]
seed-air-015,NONE,http://purl.bioontology.org/ontology/AIR/DXPSO,NONE,"[{""label"": ""http://purl.bioontology.org/ontology/AIR/DXPSO"", ""rationale"": ""Impingement signs suggest rotator cuff pathology""}, {""label"": ""http://purl.bioontology.org/ontology/AIR/DXANK"", ""rationale"": ""Shoulder pain with positive impingement signs points to rotator cuff disorder""}]","[{""label"": ""NONE"", ""rationale"": ""Heuristic: no clear rheumatologic diagnosis indicators""}]","[""patient_chart_001""]",[]
seed-air-016,NONE,http://purl.bioontology.org/ontology/AIR/DXGT,NONE,"[{""label"": ""http://purl.bioontology.org/ontology/AIR/DXANK"", ""rationale"": ""ANCA positivity suggests ANCA-associated vasculitis""}, {""label"": ""http://purl.bioontology.org/ontology/AIR/DXPSO"", ""rationale"": ""Positive ANA and anti-histone antibodies suggest systemic lupus erythematosus""}]","[{""label"": ""NONE"", ""rationale"": ""Heuristic: no clear rheumatologic diagnosis indicators""}]",[],[]
seed-air-017,NONE,http://purl.bioontology.org/ontology/AIR/DXPSO,NONE,"[{""label"": ""http://purl.bioontology.org/ontology/AIR/DXPSO"", ""rationale"": ""Symptoms align with psoriatic arthritis""}, {""label"": ""http://purl.bioontology.org/ontology/AIR/DXANK"", ""rationale"": ""Possible association with inflammatory bowel disease""}]","[{""label"": ""NONE"", ""rationale"": ""Heuristic: no clear rheumatologic diagnosis indicators""}]","[""Diarrhea history""]",[]
seed-air-018,NONE,NONE,NONE,"[{""label"": ""http://purl.bioontology.org/ontology/AIR/DXANK"", ""rationale"": ""Wrist swelling suggests gout""}, {""label"": ""http://purl.bioontology.org/ontology/AIR/DXPSO"", ""rationale"": ""Negative for Sjögren's syndrome, suggesting primary osteoarthritis""}]","[{""label"": ""NONE"", ""rationale"": ""Heuristic: no clear rheumatologic diagnosis indicators""}]",[],[]
